{
  "test_f1_macro": 0.8365117328944851,
  "test_bal_acc": 0.8520843293944728,
  "per_class": {
    "COVID": {
      "precision": 0.7535211267605634,
      "recall": 0.7896678966789668,
      "f1": 0.7711711711711711,
      "support": 542
    },
    "Lung Opacity": {
      "precision": 0.8417874396135265,
      "recall": 0.7727272727272727,
      "f1": 0.8057803468208092,
      "support": 902
    },
    "Normal": {
      "precision": 0.8769430051813472,
      "recall": 0.8855461085676913,
      "f1": 0.8812235600390498,
      "support": 1529
    },
    "Viral Pneumonia": {
      "precision": 0.825531914893617,
      "recall": 0.9603960396039604,
      "f1": 0.8878718535469107,
      "support": 202
    }
  }
}