{
  "test_f1_macro": 0.8317286765360996,
  "test_bal_acc": 0.8449487476989528,
  "per_class": {
    "COVID": {
      "precision": 0.7775700934579439,
      "recall": 0.7675276752767528,
      "f1": 0.7725162488393685,
      "support": 542
    },
    "Lung Opacity": {
      "precision": 0.817016317016317,
      "recall": 0.7771618625277162,
      "f1": 0.7965909090909091,
      "support": 902
    },
    "Normal": {
      "precision": 0.8694246929541047,
      "recall": 0.8796599084368869,
      "f1": 0.8745123537061119,
      "support": 1529
    },
    "Viral Pneumonia": {
      "precision": 0.8212765957446808,
      "recall": 0.9554455445544554,
      "f1": 0.8832951945080091,
      "support": 202
    }
  }
}