{
  "test_f1_macro": 0.8399643986506243,
  "test_bal_acc": 0.8516020618572167,
  "per_class": {
    "COVID": {
      "precision": 0.9324324324324325,
      "recall": 0.7638376383763837,
      "f1": 0.8397565922920892,
      "support": 542
    },
    "Lung Opacity": {
      "precision": 0.7566191446028513,
      "recall": 0.8237250554323725,
      "f1": 0.788747346072187,
      "support": 902
    },
    "Normal": {
      "precision": 0.8682634730538922,
      "recall": 0.8534990189666448,
      "f1": 0.8608179419525065,
      "support": 1529
    },
    "Viral Pneumonia": {
      "precision": 0.7926829268292683,
      "recall": 0.9653465346534653,
      "f1": 0.8705357142857143,
      "support": 202
    }
  }
}